Timestamp,Bytes_Send,Bytes_Received,Packets_Send,Packets_Received,Errors_Send,Errors_Received,Drop_Incoming,Drop_total,CPU_percent,CPU_time,RAM_percent,RAM_info,Ping_target,LAT,LONG,ALT
2440,0,0,0,0,0,0,0,0,0.0,0.53,0.8415815726933222,15839232,0
4434,68698,219514,263,433,0,0,0,0,0.0,0.53,0.8415815726933222,15839232,0
9480,384,3458,4,11,0,0,0,0,0.0,0.53,0.8415815726933222,15839232,0
17439,14434,59904,57,256,0,0,0,0,0,0,0,0,0
20443,141648,270644,592,1003,0,0,0,0,0.0,0.51,0.8415815726933222,15839232,0
