Timestamp,Bytes_Send_leo02,Bytes_Received_leo02,Packets_Send_leo02,Packets_Received_leo02,Errors_Send_leo02,Errors_Received_leo02,Drop_Incoming_leo02,Drop_total_leo02,CPU_percent_leo02,CPU_time_leo02,RAM_percent_leo02,RAM_info_leo02,LAT_leo02,LONG_leo02,ALT_leo02,Delay_local,Size_local,Bytes_Send_local,Bytes_Received_local,Packets_Send_local,Packets_Received_local,Errors_Send_local,Errors_Received_local,Drop_Incoming_local,Drop_total_local,CPU_percent_local,CPU_time_local,RAM_percent_local,RAM_info_local,Ping_target_local,LAT_local,LONG_local,ALT_local
0,,,,,,,,,,,,,49.62734196296296,6.159190129629629,350.93333333333334,,,,,,,,,,,,,,,0.3333333333333333,49.62591522222221,6.158832888888889,346.9666666666667
1,251.5,155.14285714285714,1.75,1.7142857142857142,,,,,100.8,0.48200000000000004,0.3020150232900351,24726869.333333332,49.62734215,6.159193216666667,351.37,,,17909.25,10811.25,70.875,58.875,,,,,,0.0975,0.1666852397620786,27447296.0,0.6,49.62589619166667,6.158858974999999,351.19
2,264.8,281.3333333333333,2.2,2.7777777777777777,,,,,44.9,0.725,0.35776535731509884,29291315.2,49.62734293333333,6.159189716666667,351.43,,,22178.571428571428,18511.428571428572,86.71428571428571,67.57142857142857,,,,,,0.11142857142857143,0.19071062842542125,31403446.85714286,0.4,49.625902809523815,6.158877761904762,352.25714285714287
3,5866.222222222223,4019.3333333333335,20.666666666666668,11.222222222222221,,,,,,0.725,0.35776535731509884,29291315.2,49.627343716666665,6.159185816666667,351.4,,,16678.85714285714,11896.0,113.28571428571429,96.28571428571429,,,,,,0.11285714285714286,0.1905045239227628,31369508.57142857,0.4,49.62590495238095,6.158853976190477,351.15714285714284
4,6942.0,1254.5,35.0,6.75,,,,,,0.725,0.35776535731509884,29291315.2,49.62734463333333,6.1591816,351.51,0.0111550092697143,1698.6666666666667,20942.85185185185,5808.555555555556,66.5925925925926,34.81481481481481,,,,,,0.1111111111111111,0.19052071220745437,31372174.222222224,0.36666666666666664,49.62589811111111,6.158844530864197,347.91851851851857
5,4856.888888888889,866.4444444444445,32.0,5.0,,,,,,0.725,0.35776535731509884,29291315.2,49.627345016666666,6.159177266666666,351.51,0.004829088846842367,1698.6666666666667,12190.111111111111,10678.222222222223,50.333333333333336,42.888888888888886,,,,,,0.11222222222222222,0.19049030981913118,31367168.0,0.5,49.62590020370371,6.158860888888889,349.94444444444446
6,4854.222222222223,2522.285714285714,16.88888888888889,10.142857142857142,,,,,,0.725,0.35776535731509884,29291315.2,49.627345416666664,6.159172666666667,351.54,0.008304675420125232,1698.6666666666667,14352.666666666666,6796.444444444444,61.0,53.55555555555556,,,,,,0.1111111111111111,0.19052071220745437,31372174.222222224,0.6,49.625898388888885,6.158844185185185,347.8666666666667
7,12367.555555555555,3740.5,35.77777777777778,15.875,,,,,,0.725,0.35776535731509884,29291315.2,49.62734643333333,6.159167999999999,351.55,0.012077848116556699,1698.6666666666667,8505.625,5783.125,44.125,33.125,,,,,,0.1125,0.19061779256107725,31388160.0,0.4,49.62589460416667,6.158869541666666,351.1375
8,3972.0,1423.0,16.4,10.25,,,,,,0.725,0.35776535731509884,29291315.2,49.62734716666667,6.159163566666667,351.54,0.014300147692362401,1698.6666666666667,8367.125,5247.0,34.5,30.5,,,,,,0.1125,0.19064888591277143,31393280.0,0.4,49.625908645833334,6.158859104166667,352.45
9,3949.1111111111113,1823.4285714285713,23.88888888888889,11.857142857142858,,,,,,0.725,0.35776535731509884,29291315.2,49.627346833333334,6.159159016666667,351.5,0.019746422767639053,1528.0,10415.888888888889,6010.888888888889,64.77777777777777,54.22222222222222,,,,,,0.11222222222222222,0.19049030981913118,31367168.0,0.3,49.625904759259264,6.15886525925926,350.6
10,4912.4,2440.6666666666665,32.2,14.11111111111111,,,,,,0.725,0.35776535731509884,29291315.2,49.627347650000004,6.159154933333333,351.46,0.006099462509155201,1528.0,10076.166666666666,298287.1666666667,70.16666666666667,256.0,,,,,,0.11,0.1906810157095221,31398570.666666668,0.1,49.62591708333334,6.15888113888889,354.90000000000003
11,6788.0,3911.3333333333335,36.8,16.666666666666668,,,,,,0.725,0.35776535731509884,29291315.2,49.6273483,6.15915045,351.52,,,7574.428571428572,4698.0,47.285714285714285,34.92857142857143,,,,,,0.11285714285714286,0.19064666495907898,31392914.285714287,0.3,49.62588064285715,6.158854023809524,348.24285714285713
12,7537.0,2926.6,38.3,13.8,,,,,,0.725,0.35776535731509884,29291315.2,49.6273488,6.159146066666667,351.6,1.871617317199707,2040.0,18045.35,9574.9,80.4,61.0,,,,,,0.11200000000000002,0.19060722082150125,31386419.2,0.2,49.62590264166666,6.158865516666667,352.005
13,5665.2,8604.333333333334,19.8,16.666666666666668,,,,,,0.725,0.35776535731509884,29291315.2,49.627348733333335,6.159141966666667,351.65,2.427924871444702,2040.0,20798.1875,6571.5,83.0625,34.0625,,,,,,0.11125,0.19074216596785393,31408640.0,0.3,49.625911979166666,6.158871125,352.93125
14,8901.8,5500.285714285715,30.7,21.714285714285715,,,,,,0.725,0.35776535731509884,29291315.2,49.62734985,6.159137783333334,351.7,2.04377818107605,2040.0,18427.25,7253.375,72.5,38.125,,,,,,0.1125,0.19069241660514327,31400448.0,0.3,49.62589502083333,6.158877333333333,354.0
15,12140.4,7888.222222222223,55.4,31.77777777777778,,,,,,0.725,0.35776535731509884,29291315.2,49.62735081666666,6.1591329,351.73,2.575814515352249,2040.0,19673.444444444445,11035.444444444445,90.22222222222223,65.77777777777777,,,,,,0.11222222222222222,0.1905317676213901,31373994.666666668,0.4,49.625903037037034,6.158873222222223,353.05555555555554
16,7461.6,4375.111111111111,39.0,24.333333333333332,,,,,,0.725,0.35776535731509884,29291315.2,49.627351700000006,6.159128433333334,351.78000000000003,4.725834131240845,2040.0,11502.125,16646.625,91.0,84.5,,,,,,0.1125,0.19068930726997385,31399936.0,0.3,49.62590445833333,6.1588635,352.7125
17,8410.0,3131.4285714285716,35.2,21.0,,,,,,0.725,0.35776535731509884,29291315.2,49.62735155,6.159123966666667,351.76,5.683812141418457,2040.0,13212.0,5966.428571428572,54.42857142857143,39.857142857142854,,,,,,0.11142857142857143,0.19077459189176357,31413979.42857143,0.0,49.625914214285714,6.158867285714286,353.35714285714283
18,7923.4,2328.0,32.5,22.0,,,,,,0.725,0.35776535731509884,29291315.2,49.6273511,6.159119483333333,351.78000000000003,,,20216.0,6671.25,87.375,35.625,,,,,,0.11125,0.1903783737530322,31348736.0,0.0,49.6259026875,6.158849145833333,348.6375
19,11280.8,3986.285714285714,56.2,34.0,,,,,,0.725,0.35776535731509884,29291315.2,49.62735103333333,6.159114683333334,351.74,,,31634.333333333332,12615.0,118.33333333333333,62.166666666666664,,,,,,0.11333333333333333,0.1905898085445525,31383552.0,0.0,49.62590680555555,6.158891694444445,356.84999999999997
20,8791.0,2075.25,42.5,13.875,,,,,,0.725,0.35776535731509884,29291315.2,49.627351749999995,6.159110116666666,351.8,7.783235549926758,2040.0,13463.222222222223,6709.333333333333,92.33333333333333,64.11111111111111,,,,,,0.11222222222222222,0.19069207112345776,31400391.111111112,0.0,49.6258974074074,6.158867648148148,352.55555555555554
21,11099.2,4326.75,42.1,32.125,,,,,,0.725,0.35776535731509884,29291315.2,49.6273517,6.1591057,351.78000000000003,10.050324320793152,2040.0,27223.7,14281.8,152.8,120.5,,,,,,0.11200000000000002,0.19060722082150125,31386419.2,0.0,49.62590421666667,6.158867450000001,352.85
22,9135.2,4869.25,54.0,34.75,,,,,,0.725,0.35776535731509884,29291315.2,49.62735171666667,6.1591011333333325,351.8,4.314554691314697,2040.0,20345.833333333332,7969.666666666667,93.16666666666667,40.666666666666664,,,,,,0.11166666666666668,0.1906271205665855,31389696.0,0.0,49.62592025,6.158868583333333,352.55
23,7441.4,2985.777777777778,34.1,8.0,,,,,,0.725,0.35776535731509884,29291315.2,49.627351499999996,6.159096066666666,351.74,5.748876902792189,1016.0,28090.333333333332,7769.666666666667,104.33333333333333,60.0,,,,,,0.11166666666666668,0.19057322542364896,31380821.333333332,0.0,49.625900638888886,6.158855250000001,352.2
24,6101.8,1949.111111111111,28.6,10.666666666666666,,,,,,0.725,0.35776535731509884,29291315.2,49.62735168333333,6.159091216666666,351.65999999999997,1.729656457901001,1016.0,30379.777777777777,13377.888888888889,101.55555555555556,80.33333333333333,,,,,,0.11222222222222222,0.1905317676213901,31373994.666666668,0.0,49.62590137037037,6.158874333333333,354.34444444444443
25,6164.4,3170.0,29.9,18.0,,,,,,0.725,0.35776535731509884,29291315.2,49.62735168333333,6.159086883333333,351.62,3.7221138775348654,2040.0,13127.555555555555,12193.875,80.44444444444444,64.25,,,,,,0.11222222222222222,0.19069207112345776,31400391.111111112,0.0,49.62589474074074,6.158866759259259,353.3888888888889
26,6665.2,6608.333333333333,25.6,22.5,,,,,,0.725,0.35776535731509884,29291315.2,49.627351850000004,6.159082016666667,351.61,,,13277.777777777777,6549.222222222223,96.44444444444444,48.666666666666664,,,,,,0.11222222222222222,0.19061744707939177,31388103.111111112,0.0,49.62590631481482,6.158865462962963,352.96666666666664
27,3990.8,3509.3333333333335,17.2,7.666666666666667,,,,,,0.725,0.35776535731509884,29291315.2,49.62735156666666,6.159077816666667,351.57,,,32332.714285714286,34067.0,81.85714285714286,69.42857142857143,,,,,,0.11142857142857143,0.19061112969999994,31387062.85714286,0.0,49.62591347619048,6.158870761904763,353.9857142857143
28,6505.0,5526.571428571428,35.2,31.571428571428573,,,,,,0.725,0.35776535731509884,29291315.2,49.62735103333333,6.1590737833333336,351.46,,,9051.8,5314.0,66.0,52.0,,,,,,0.11200000000000002,0.1904306105838784,31357337.6,0.0,49.62589196666668,6.1588650000000005,354.8
29,6140.2,4367.25,33.7,29.75,,,,,,0.725,0.35776535731509884,29291315.2,49.62735061666667,6.15906965,351.41999999999996,8.333621525764466,2040.0,9008.8,17221.8,58.1,60.1,,,,,,0.11200000000000002,0.19060722082150125,31386419.2,0.0,49.625901866666666,6.158866833333333,353.84000000000003
30,4268.8,2200.0,17.4,18.857142857142858,,,,,,0.725,0.35776535731509884,29291315.2,49.62735081666666,6.15906515,351.52,6.168597459793091,2040.0,21193.666666666668,34184.444444444445,96.0,96.0,,,,,,0.11222222222222222,0.19069207112345776,31400391.111111112,0.0,49.625894370370375,6.158866592592592,353.76666666666665
31,5974.4,11647.142857142857,31.3,44.57142857142857,,,,,,0.725,0.35776535731509884,29291315.2,49.627350899999996,6.15906065,351.54,6.152926683425903,2040.0,18130.571428571428,20407.0,72.42857142857143,84.0,,,,,,0.11142857142857143,0.19077459189176357,31413979.42857143,0.0,49.62592073809524,6.158868714285714,353.7142857142857
32,6492.0,4903.777777777777,35.6,30.0,,,,,,0.725,0.35776535731509884,29291315.2,49.627350566666664,6.159056183333333,351.53000000000003,11.649871468544006,1016.0,21571.333333333332,8988.333333333334,81.83333333333333,55.166666666666664,,,,,,0.11333333333333333,0.19033277017054742,31341226.666666668,0.0,49.62589505555556,6.158850138888888,350.40000000000003
33,7587.8,3643.777777777778,36.7,30.88888888888889,,,,,,0.725,0.35776535731509884,29291315.2,49.62734976666667,6.159051983333333,351.54,4.399326456917657,1016.0,27147.5,19836.0,126.875,123.375,,,,,,0.11125,0.19057115253353601,31380480.0,0.0,49.62589845833333,6.158880208333333,357.7625
34,7733.4,4314.5,35.5,32.875,,,,,,0.725,0.35776535731509884,29291315.2,49.62734853333334,6.1590484,351.40999999999997,10.983117032051087,1528.0,22833.666666666668,13628.333333333334,108.22222222222223,89.55555555555556,,,,,,0.11222222222222222,0.19069207112345776,31400391.111111112,0.0,49.625894018518515,6.158867611111112,354.4555555555555
35,8137.0,3357.4,44.9,26.3,,,,,,0.725,0.35776535731509884,29291315.2,49.62734751666667,6.1590445166666665,351.41999999999996,6.3682790994644165,1016.0,12515.0,13406.0,71.77777777777777,87.88888888888889,,,,,,0.11222222222222222,0.19061744707939177,31388103.111111112,0.0,49.62590835185185,6.158866481481481,353.35555555555555
36,11133.2,2630.0,43.5,19.666666666666668,,,,,,0.725,0.35776535731509884,29291315.2,49.627346849999995,6.1590403,351.37,,,10632.0,9741.142857142857,63.57142857142857,56.857142857142854,,,,,,0.11142857142857143,0.19061112969999994,31387062.85714286,0.0,49.62591254761905,6.158872214285714,355.15714285714284
37,6846.8,2708.285714285714,26.8,17.857142857142858,,,,,,0.725,0.35776535731509884,29291315.2,49.62734593333333,6.159036,351.31,5.906993707021077,1016.0,8236.166666666666,11079.0,69.41666666666667,81.25,,,,,,0.11166666666666668,0.19057322542364896,31380821.333333332,0.0,49.625892263888886,6.158855902777778,355.15000000000003
38,8318.6,4001.25,37.3,29.0,,,,,,0.725,0.35776535731509884,29291315.2,49.6273453,6.159032,351.32,2.741515227726528,1016.0,13532.875,9839.625,59.5625,57.6875,,,,,,0.1125,0.19061779256107725,31388160.0,0.05,49.62589129166667,6.15887771875,356.3125
39,6257.6,6149.2,28.5,36.4,,,,,,0.725,0.35776535731509884,29291315.2,49.62734450000001,6.1590276,351.25,12.11126971244812,1528.0,12558.5,11544.875,69.0,74.125,,,,,,0.11125,0.1906986352754821,31401472.0,0.1,49.62591847916667,6.1588669375,352.925
40,5523.6,3176.0,26.8,23.166666666666668,,,,,,0.725,0.35776535731509884,29291315.2,49.62734365,6.1590243000000005,351.27,0.1545622348785399,1016.0,4962.5,13421.3,46.95,51.3,,,,,,0.11200000000000002,0.19060722082150125,31386419.2,0.1,49.625901258333336,6.158868025,355.025
41,6317.8,4790.333333333333,32.7,40.833333333333336,,,,,,0.725,0.35776535731509884,29291315.2,49.62734223333334,6.15902125,351.19,14.169064448277155,1528.0,16573.333333333332,15592.833333333334,137.91666666666666,129.41666666666666,,,,,,0.11333333333333333,0.1908178264569764,31421098.666666668,0.1,49.62591131944444,6.158875652777778,357.02500000000003
42,4760.0,3130.3333333333335,22.5,22.0,,,,,,0.725,0.35776535731509884,29291315.2,49.62733986666667,6.1590182166666665,351.05,0.09355115890502924,1528.0,7678.428571428572,10221.5,59.714285714285715,62.857142857142854,,,,,,0.11142857142857143,0.19024867005739368,31327378.285714287,0.1,49.62589165476191,6.158858833333333,353.36428571428576
43,7965.8,2329.3333333333335,34.1,18.22222222222222,,,,,,0.725,0.35776535731509884,29291315.2,49.62733806666667,6.159015183333333,350.90999999999997,6.598674141096346,1528.0,7832.375,15819.25,58.5625,71.9375,,,,,,0.1125,0.190757712643701,31411200.0,0.2,49.625892479166666,6.15886578125,355.39375
44,7398.0,6679.75,43.4,40.125,,,,,,0.725,0.35776535731509884,29291315.2,49.627335800000004,6.159012383333334,350.77,12.921324783279783,1454.857142857143,25735.64285714286,16624.071428571428,98.57142857142857,121.71428571428571,,,,,,0.11285714285714286,0.19075327073631615,31410468.57142857,0.2,49.62591164285714,6.15886975,352.59999999999997
45,6758.8,2345.3333333333335,26.4,14.88888888888889,,,,,,0.725,0.35776535731509884,29291315.2,49.6273335,6.159010333333333,350.73,6.551032869746446,1528.0,14523.5,14655.6,64.8,65.2,,,,,,0.11200000000000002,0.19060722082150125,31386419.2,0.3,49.625899000000004,6.15886385,354.63
46,6955.4,3465.1111111111113,34.4,29.444444444444443,,,,,,0.725,0.35776535731509884,29291315.2,49.62733046666666,6.159008216666667,350.55,5.162788772583008,1630.4,10521.5,15479.3,64.2,100.1,,,,,,0.11200000000000002,0.19060722082150125,31386419.2,0.3,49.62589796666667,6.158862283333333,354.46500000000003
47,8931.8,3607.5555555555557,47.4,29.22222222222222,,,,,,0.725,0.35776535731509884,29291315.2,49.62732908333333,6.159005183333333,350.40999999999997,7.532853786150615,1630.4,5442.142857142857,16458.285714285714,50.857142857142854,80.42857142857143,,,,,,0.11285714285714286,0.19060402264818413,31385892.57142857,0.3,49.625895071428566,6.158872214285714,356.0142857142857
48,8088.4,2268.6,43.2,18.0,,,,,,0.725,0.35776535731509884,29291315.2,49.62732668333333,6.159002266666667,350.23,3.0403852462768555,1357.3333333333333,11124.5,12332.166666666666,54.833333333333336,69.16666666666667,,,,,,0.11166666666666668,0.19064784946771496,31393109.333333332,0.2,49.625910166666664,6.158846527777778,348.73333333333335
49,10971.2,4362.666666666667,51.7,35.666666666666664,,,,,,0.725,0.35776535731509884,29291315.2,49.6273243,6.158999416666667,350.1,4.43187685807546,1630.4,9069.8,10913.2,49.0,70.65,,,,,,0.11200000000000002,0.19060722082150125,31386419.2,0.3,49.62589906666667,6.158861633333334,354.06000000000006
50,9947.2,3127.5,46.0,21.125,,,,,,0.725,0.35776535731509884,29291315.2,49.6273218,6.158997,350.01,9.470202350616455,1630.4,12782.25,6202.75,68.375,48.0,,,,,,0.11125,0.1903783737530322,31348736.0,0.1,49.62589772916667,6.158850375,351.525
51,10148.6,2514.3333333333335,47.1,19.333333333333332,,,,,,0.725,0.35776535731509884,29291315.2,49.6273195,6.158994483333333,349.85,0.2017337083816528,1016.0,3820.8571428571427,6806.0,38.285714285714285,37.285714285714285,,,,,,0.11285714285714286,0.1906679861145264,31396425.14285714,0.1,49.62591790476191,6.158856095238095,352.35714285714283
52,9709.0,3162.8888888888887,47.0,18.0,,,,,,0.725,0.35776535731509884,29291315.2,49.62731733333333,6.158992366666666,349.74,4.6264689123189005,1357.3333333333333,13270.833333333334,15852.5,77.16666666666667,71.5,,,,,,0.11,0.1905566423027454,31378090.666666668,0.2,49.62587805555555,6.158857569444446,355.9166666666667
53,9159.6,3560.285714285714,35.5,26.285714285714285,,,,,,0.725,0.35776535731509884,29291315.2,49.627314616666666,6.158989833333333,349.62,0.2630491852760315,1016.0,8902.666666666666,7511.222222222223,65.88888888888889,55.77777777777778,,,,,,0.1111111111111111,0.19067825185603815,31398115.555555556,0.2,49.625908074074076,6.158861407407407,353.44444444444446
54,6317.0,1728.2857142857142,29.7,11.142857142857142,,,,,,0.725,0.35776535731509884,29291315.2,49.62731251666666,6.158986916666667,349.58000000000004,4.779287775357565,1016.0,8743.333333333334,7445.555555555556,59.666666666666664,61.888888888888886,,,,,,0.11222222222222222,0.19065614102816675,31394474.666666668,0.2,49.62589981481481,6.158859814814814,353.72222222222223
55,7037.2,3524.5714285714284,38.1,30.857142857142858,,,,,,0.725,0.35776535731509884,29291315.2,49.627310449999996,6.15898405,349.5,10.302575580279033,1698.6666666666667,32506.38888888889,12556.0,82.22222222222223,60.72222222222222,,,,,,0.11222222222222222,0.19061744707939177,31388103.111111112,0.1,49.625908342592595,6.158857342592593,351.8611111111111
56,6594.8,3788.8571428571427,33.5,32.285714285714285,,,,,,0.725,0.35776535731509884,29291315.2,49.62730858333333,6.1589815,349.56,3.7764170606931047,1698.6666666666667,24117.714285714286,13793.285714285714,82.42857142857143,61.42857142857143,,,,,,0.11142857142857143,0.190497416870947,31368338.285714287,0.1,49.625905571428575,6.1588662619047625,355.34285714285716
57,5142.0,994.0,19.6,6.777777777777778,,,,,,0.725,0.35776535731509884,29291315.2,49.62730711666667,6.158978483333334,349.53000000000003,2.2482270002365112,1698.6666666666667,29711.2,13000.266666666666,87.8,66.6,,,,,,0.11000000000000001,0.19068433233370277,31399116.8,0.2,49.62589704444444,6.158855944444444,352.12666666666667
58,7704.2,4046.8571428571427,27.6,23.142857142857142,,,,,,0.725,0.35776535731509884,29291315.2,49.62730585,6.1589755,349.65999999999997,2.373776435852051,1528.0,40355.444444444445,11383.111111111111,110.38888888888889,67.05555555555556,,,,,,0.11222222222222222,0.19061744707939177,31388103.111111112,0.1,49.62590918518518,6.15885650925926,351.4222222222222
59,12545.0,1189.0,28.9,11.666666666666666,,,,,,0.725,0.35776535731509884,29291315.2,49.627304566666666,6.158972683333333,349.71999999999997,6.200805862744649,1357.3333333333333,11569.333333333334,10157.0,88.44444444444444,73.44444444444444,,,,,,0.11222222222222222,0.19065614102816675,31394474.666666668,0.2,49.625902574074075,6.158861,352.67777777777775
60,8590.6,3581.777777777778,42.1,22.555555555555557,,,,,,0.725,0.35776535731509884,29291315.2,49.6273027,6.15896985,349.77,5.674859677751859,1272.0,9525.857142857143,5817.928571428572,55.0,46.0,,,,,,0.11142857142857143,0.190497416870947,31368338.285714287,0.2,49.62590852380952,6.158869059523809,354.42857142857144
61,9378.8,5029.5,48.7,34.625,,,,,,0.725,0.35776535731509884,29291315.2,49.627300883333334,6.158967500000001,349.84000000000003,9.359792709350586,2040.0,9502.75,11832.9375,52.125,62.1875,,,,,,0.1125,0.19061779256107725,31388160.0,0.2,49.62589627083333,6.1588747291666674,353.65625
62,7330.0,971.3333333333334,29.8,10.11111111111111,,,,,,0.725,0.35776535731509884,29291315.2,49.62729878333333,6.15896575,349.98,7.980985372596317,1528.0,8049.5,8458.75,52.833333333333336,38.833333333333336,,,,,,0.11,0.1906727241490703,31397205.333333332,0.1,49.625920888888885,6.158831680555555,347.22499999999997
63,6002.0,3541.5,27.1,22.5,,,,,,0.725,0.35776535731509884,29291315.2,49.62729723333333,6.158962833333334,350.0,4.290104425142682,1698.6666666666667,8677.777777777777,7268.333333333333,47.888888888888886,45.888888888888886,,,,,,0.11333333333333334,0.19063955790726317,31391744.0,0.0,49.62590038888888,6.158866277777778,351.6111111111111
64,10302.4,13320.75,56.9,73.25,,,,,,0.725,0.35776535731509884,29291315.2,49.62729568333334,6.158960116666667,350.05,1.584074338277181,1698.6666666666667,23175.958333333332,23659.458333333332,88.52083333333333,101.47916666666666,,,,,,0.1125,0.19071418195132916,31404032.0,0.1,49.62590801736111,6.158857506944445,350.51458333333335
65,7900.4,8138.75,36.8,43.0,,,,,,0.725,0.35776535731509884,29291315.2,49.6272943,6.158956633333333,349.95,3.672860848052161,1784.0,48213.25,74046.41666666667,143.08333333333334,126.0,,,,,,0.11166666666666668,0.19055249652251952,31377408.0,0.2,49.62590888888889,6.158868041666666,353.4083333333333
66,9011.6,12565.5,50.7,59.625,,,,,,0.725,0.35776535731509884,29291315.2,49.62729241666667,6.15895435,349.99,10.150706712404887,1528.0,15385.5,57911.54166666667,117.375,129.25,,,,,,0.1125,0.19061779256107725,31388160.0,0.26666666666666666,49.62589852777778,6.1588748055555556,352.94166666666666
67,8413.4,2504.8888888888887,42.5,22.11111111111111,,,,,,0.725,0.35776535731509884,29291315.2,49.627290650000006,6.15895165,350.08000000000004,5.603505925451006,1630.4,31264.88888888889,49342.333333333336,109.33333333333333,121.22222222222223,,,,,,0.11333333333333334,0.19063955790726317,31391744.0,0.3,49.62590155555555,6.158865648148147,350.79999999999995
68,8728.4,2983.5555555555557,47.8,20.22222222222222,,,,,,0.725,0.35776535731509884,29291315.2,49.627288650000004,6.1589495,350.11,3.690674591064453,1630.4,9492.777777777777,54882.444444444445,66.44444444444444,141.0,,,,,,0.11222222222222222,0.19061744707939177,31388103.111111112,0.4,49.62591111111111,6.1588545925925935,350.1
69,10232.2,5336.0,41.5,31.3,,,,,,0.725,0.35776535731509884,29291315.2,49.62728628333333,6.158947599999999,350.24,5.224238475438634,1528.0,5858.285714285715,9049.0,36.285714285714285,55.42857142857143,,,,,,0.11142857142857143,0.1904085787232494,31353709.714285713,0.1,49.62590597619048,6.15885261904762,348.0
70,14380.6,4076.0,43.3,36.3,,,,,,0.725,0.35776535731509884,29291315.2,49.627285083333334,6.1589451833333335,350.46,1.9027440269788105,1528.0,16856.75,23695.75,76.125,116.1875,,,,,,0.1125,0.1905089658301477,31370240.0,0.4,49.625907562500004,6.15887196875,352.95625
71,7142.8,3146.6,26.9,26.6,,,,,,0.725,0.35776535731509884,29291315.2,49.62728315,6.158942866666666,350.58000000000004,1.0494883159796395,1528.0,7456.791666666666,11354.583333333332,76.6875,87.6875,,,,,,0.11375,0.1907390566326845,31408128.0,0.6,49.62589707638889,6.158868017361112,350.3958333333333
72,6866.6,2219.6,31.2,17.4,,,,,,0.725,0.35776535731509884,29291315.2,49.62728136666667,6.15893985,350.65,5.120320606231689,1835.2,18805.9,14011.3,54.0,64.5,,,,,,0.11200000000000002,0.19060722082150125,31386419.2,0.5,49.62590568333333,6.158860033333334,350.18
73,5356.0,1534.4444444444443,20.2,12.777777777777779,,,,,,0.725,0.35776535731509884,29291315.2,49.62727966666667,6.158937466666666,350.74,2.570057968298594,1698.6666666666667,8026.375,10664.5,36.125,50.625,,,,,,0.11125,0.19049652848947002,31368192.0,0.4,49.625914333333334,6.158850416666667,348.775
74,6189.4,1009.5555555555555,18.5,9.555555555555555,,,,,,0.725,0.35776535731509884,29291315.2,49.627277183333334,6.158935016666667,350.76,0.8369417569854044,1698.6666666666667,7106.666666666667,13034.222222222223,52.388888888888886,51.888888888888886,,,,,,0.11222222222222222,0.19049030981913118,31367168.0,0.45,49.625905296296295,6.158864509259259,349.4
75,8341.2,2475.0,36.1,19.25,,,,,,0.725,0.35776535731509884,29291315.2,49.62727511666667,6.158932766666667,350.88,4.934301556859697,1454.857142857143,9250.125,15932.5,53.125,82.125,,,,,,0.1125,0.19068930726997385,31399936.0,0.5,49.625910999999995,6.158864833333333,350.7125
76,10636.0,5120.0,58.2,35.22222222222222,,,,,,0.725,0.35776535731509884,29291315.2,49.62727278333333,6.15893065,350.88,3.076900801008165,1454.857142857143,17505.222222222223,16058.5,67.94444444444444,84.72222222222223,,,,,,0.11333333333333334,0.19063955790726317,31391744.0,0.6,49.62589891666667,6.1588631666666664,350.0388888888889
77,7666.0,1652.2,36.4,15.7,,,,,,0.725,0.35776535731509884,29291315.2,49.627271316666665,6.158927566666667,351.1,0.10793595654623843,1454.857142857143,20018.722222222223,29733.61111111111,110.77777777777777,155.5,,,,,,0.1111111111111111,0.19065061332119887,31393564.444444444,0.5,49.62590031481481,6.158860407407407,351.8
78,8674.8,3725.6,35.3,19.9,,,,,,0.725,0.35776535731509884,29291315.2,49.627269,6.1589259499999995,351.2,0.2495987713336943,1528.0,59426.5,20365.944444444445,122.44444444444444,110.72222222222223,,,,,,0.11222222222222222,0.19049030981913118,31367168.0,0.75,49.62590402777777,6.1588646203703705,349.40555555555557
79,6345.6,1867.4,24.0,12.9,,,,,,0.725,0.35776535731509884,29291315.2,49.6272675,6.158923416666667,351.45,0.045257278851100334,1454.857142857143,18090.6,10687.9,53.3,48.0,,,,,,0.11200000000000002,0.19060722082150125,31386419.2,0.7,49.6259051,6.158860016666667,349.87
80,5651.0,1920.2,23.7,15.4,,,,,,0.725,0.35776535731509884,29291315.2,49.6272653,6.1589221,351.58000000000004,0.019556454249790686,1454.857142857143,7747.5,7116.375,44.875,43.5,,,,,,0.11125,0.1906053552203996,31386112.0,0.7,49.625904416666664,6.1588533125,348.35
81,7824.4,4827.333333333333,38.0,32.22222222222222,,,,,,0.725,0.35776535731509884,29291315.2,49.62726395,6.1589187,351.73,0.012371233531406872,1454.857142857143,17533.1,12245.2,122.0,124.2,,,,,,0.11200000000000002,0.19060722082150125,31386419.2,0.7,49.625904750000004,6.1588597499999995,349.64
82,6382.0,1322.0,21.0,13.0,,,,,,0.725,0.35776535731509884,29291315.2,49.627262233333326,6.158916866666667,351.86,0.47065569001894725,1400.0,9397.1,7995.2,68.2,55.2,,,,,,0.11200000000000002,0.19060722082150125,31386419.2,0.8,49.62590495,6.158860033333333,349.6
83,7851.6,1989.0,35.2,18.1,,,,,,0.725,0.35776535731509884,29291315.2,49.627260166666666,6.158914266666666,351.90999999999997,0.7074113488197327,1528.0,6818.333333333333,6030.666666666667,33.666666666666664,28.11111111111111,,,,,,0.11222222222222222,0.19049030981913118,31367168.0,0.7,49.62590314814815,6.158865351851852,349.26666666666665
84,8118.6,3723.5,47.7,25.25,,,,,,0.725,0.35776535731509884,29291315.2,49.62725711666667,6.158912533333333,351.9,2.330364024168567,1528.0,12057.0,11925.9,49.7,58.7,,,,,,0.11200000000000002,0.19060722082150125,31386419.2,0.7,49.62590353333333,6.1588596,349.73
85,7602.4,2801.777777777778,45.0,23.444444444444443,,,,,,0.725,0.35776535731509884,29291315.2,49.627254683333334,6.158910633333333,352.05,1.4013383571918192,1584.888888888889,10333.375,13571.5,51.875,71.875,,,,,,0.11125,0.1906053552203996,31386112.0,0.7,49.6259026875,6.158852583333333,348.4375
86,9066.8,8576.666666666666,52.6,40.55555555555556,,,,,,0.725,0.35776535731509884,29291315.2,49.627253466666666,6.158907433333333,352.1,0.06244281360081255,1454.857142857143,16039.6,23681.4,82.6,120.3,,,,,,0.11200000000000002,0.19060722082150125,31386419.2,0.7,49.62590255,6.158858866666667,349.69
87,9370.6,6305.4,48.1,36.0,,,,,,0.725,0.35776535731509884,29291315.2,49.627252999999996,6.158904533333333,352.5,0.00807693004608148,1220.8,11833.888888888889,24925.444444444445,73.55555555555556,115.55555555555556,,,,,,0.1111111111111111,0.19065061332119887,31393564.444444444,0.6,49.6258964074074,6.1588585,351.46666666666664
88,9605.8,3608.4444444444443,46.1,32.333333333333336,,,,,,0.725,0.35776535731509884,29291315.2,49.627251066666666,6.158901566666667,352.55,0.7323884301715426,1357.3333333333333,7665.875,9296.625,54.0,59.625,,,,,,0.1125,0.19048720048396178,31366656.0,0.5,49.62590479166667,6.158859479166667,349.1375
89,16326.0,2593.1111111111113,37.4,20.333333333333332,,,,,,0.725,0.35776535731509884,29291315.2,49.62724901666667,6.15889955,352.83000000000004,1.306475145476205,1454.857142857143,11398.777777777777,12748.888888888889,68.83333333333333,70.11111111111111,,,,,,0.1111111111111111,0.19052071220745437,31372174.222222224,0.6,49.62590102777778,6.1588478981481485,347.9166666666667
90,7965.6,1735.0,33.6,16.0,,,,,,0.725,0.35776535731509884,29291315.2,49.6272456,6.158898166666667,352.88,1.2952714711427689,1528.0,8085.555555555556,13374.055555555555,48.55555555555556,38.5,,,,,,0.11222222222222222,0.19061744707939177,31388103.111111112,0.6,49.62590623148148,6.1588536666666664,349.4611111111111
91,11261.4,1644.6,39.5,14.6,,,,,,0.725,0.35776535731509884,29291315.2,49.62724418333333,6.158894766666667,353.15999999999997,0.011241555213928152,1357.3333333333333,7784.25,6585.75,49.75,41.25,,,,,,0.11125,0.19052451250599478,31372800.0,0.6,49.625892791666665,6.158864583333334,351.575
92,12044.0,3256.8,52.0,20.7,,,,,,0.725,0.35776535731509884,29291315.2,49.627242433333336,6.158892733333333,353.28,1.8269729722629893,1471.111111111111,8220.4,6384.6,31.35,31.25,,,,,,0.11200000000000002,0.19060722082150125,31386419.2,0.65,49.6259022,6.158857891666667,349.505
93,11358.2,3072.2,47.1,25.2,,,,,,0.725,0.35776535731509884,29291315.2,49.627242333333335,6.158888533333334,353.53000000000003,0.3137956112623214,1400.0,11307.1,15813.4,50.0,61.95,,,,,,0.11200000000000002,0.19060722082150125,31386419.2,0.7,49.625902483333334,6.158857766666666,349.385
94,8799.2,2343.6,33.8,16.6,,,,,,0.725,0.35776535731509884,29291315.2,49.627240083333334,6.158885033333333,353.44,0.006138881047566667,1357.3333333333333,17310.375,19152.25,73.125,88.75,,,,,,0.11125,0.19052140317082536,31372288.0,0.6,49.62590697916667,6.158841979166667,347.4
95,5678.0,1120.25,26.8,9.25,,,,,,0.725,0.35776535731509884,29291315.2,49.6272389,6.1588811166666675,353.58000000000004,0.30903576101575575,1308.5714285714287,10423.625,34393.375,76.25,81.875,,,,,,0.11125,0.19052451250599478,31372800.0,0.6,49.625894145833335,6.158865333333333,351.4125
96,8931.4,3946.4,40.0,28.3,,,,,,0.725,0.35776535731509884,29291315.2,49.6272362,6.1588779,353.49,0.23493824970154528,1400.0,14032.666666666666,16712.944444444445,71.38888888888889,65.61111111111111,,,,,,0.11222222222222222,0.19061744707939177,31388103.111111112,0.65,49.62590797222222,6.158854972222222,349.3666666666667
97,5812.6,2728.8,27.1,19.6,,,,,,0.725,0.35776535731509884,29291315.2,49.62723535,6.158873983333334,353.71999999999997,0.014218807220458924,1400.0,21953.4,40338.96666666667,89.2,104.1,,,,,,0.11200000000000002,0.19060722082150125,31386419.2,0.7666666666666667,49.62590275,6.158857766666666,349.21666666666664
98,5074.2,3132.4444444444443,20.5,17.11111111111111,,,,,,0.725,0.35776535731509884,29291315.2,49.62723318333333,6.15887125,353.96999999999997,0.005975946784019388,1400.0,9165.777777777777,9837.888888888889,51.833333333333336,54.888888888888886,,,,,,0.1111111111111111,0.19052071220745437,31372174.222222224,0.8,49.62590136111111,6.158846518518519,347.26666666666665
99,6370.0,2209.2,27.3,17.4,,,,,,0.725,0.35776535731509884,29291315.2,49.62723161666666,6.1588674,354.19,0.009487118039812328,1454.857142857143,6220.333333333333,10901.444444444445,36.55555555555556,43.77777777777778,,,,,,0.11222222222222222,0.19049030981913118,31367168.0,0.7,49.625901203703705,6.158864611111111,349.17777777777775
100,16590.6,5854.6,65.8,42.4,,,,,,0.725,0.35776535731509884,29291315.2,49.627229449999994,6.15886435,354.36,1.2442457154393194,1528.0,10769.3125,11440.5625,74.625,80.25,,,,,,0.11125,0.19057115253353601,31380480.0,0.7,49.625893114583334,6.158865072916667,352.575
101,8833.8,3663.8,49.2,26.5,,,,,,0.725,0.35776535731509884,29291315.2,49.62722831666667,6.158859533333334,354.45,0.030515174070993967,1357.3333333333333,16640.11111111111,19756.11111111111,119.44444444444444,134.33333333333334,,,,,,0.1111111111111111,0.19067825185603815,31398115.555555556,0.6,49.62590907407408,6.158851148148148,348.0111111111111
102,7523.0,1973.0,33.1,18.6,,,,,,0.725,0.35776535731509884,29291315.2,49.627227266666665,6.1588544333333335,354.65,2.137133951981862,1528.0,8839.0,14757.875,79.125,89.375,,,,,,0.1125,0.1906053552203996,31386112.0,0.4,49.625915625000005,6.158856083333333,349.1625
103,6009.6,1553.6,22.2,11.8,,,,,,0.725,0.35776535731509884,29291315.2,49.62722456666667,6.158850899999999,354.83000000000004,1.775637899126325,1454.857142857143,12403.75,12563.25,47.25,55.9375,,,,,,0.11125,0.19042501378057344,31356416.0,0.6,49.62589803125,6.158852791666667,348.2875
104,6433.6,2496.0,28.8,17.8,,,,,,0.725,0.35776535731509884,29291315.2,49.62722278333333,6.158848566666666,354.95,1.4934692638260978,1454.857142857143,19068.625,10929.125,98.0,71.25,,,,,,0.11125,0.19071107261615977,31403520.0,0.4,49.6259005,6.158856145833333,350.1875
105,6736.0,2550.8888888888887,26.2,19.666666666666668,,,,,,0.725,0.35776535731509884,29291315.2,49.6272202,6.158846883333333,355.07,1.2608665029207864,1528.0,18272.333333333332,10757.555555555555,72.22222222222223,61.611111111111114,,,,,,0.11222222222222222,0.19059533625152036,31384462.222222224,0.6,49.6259098425926,6.1588579999999995,348.77777777777777
106,9172.8,1435.5555555555557,26.0,13.0,,,,,,0.725,0.35776535731509884,29291315.2,49.627217933333334,6.1588431,355.15,0.017599562803904133,1357.3333333333333,15360.75,17545.166666666668,108.70833333333333,105.75,,,,,,0.1125,0.19067376059412677,31397376.0,0.4666666666666666,49.62591264583333,6.158854263888889,348.24583333333334
107,8829.0,2406.6666666666665,34.2,21.333333333333332,,,,,,0.725,0.35776535731509884,29291315.2,49.62721505,6.15884105,355.18,0.09459874175843731,1454.857142857143,8782.944444444445,10594.777777777777,55.111111111111114,53.833333333333336,,,,,,0.11222222222222222,0.1905317676213901,31373994.666666668,0.65,49.62590089814815,6.158862805555556,349.7555555555556
108,9130.6,4298.888888888889,41.6,32.888888888888886,,,,,,0.725,0.35776535731509884,29291315.2,49.62721355,6.158838233333333,355.24,0.01747512817382805,1357.3333333333333,15801.0,7910.333333333333,47.833333333333336,47.22222222222222,,,,,,0.1111111111111111,0.19052071220745437,31372174.222222224,0.7,49.62590329629629,6.158846638888889,346.93888888888887
109,8101.0,2788.6,42.3,21.5,,,,,,0.725,0.35776535731509884,29291315.2,49.627211450000004,6.158834616666667,355.27,1.1551571232931954,1454.857142857143,14531.142857142857,8483.57142857143,67.42857142857143,53.285714285714285,,,,,,0.11,0.19086343003946116,31428608.0,0.5,49.625908190476196,6.158853690476191,350.2
110,7149.2,2046.0,35.6,15.6,,,,,,0.725,0.35776535731509884,29291315.2,49.627208366666665,6.1588325,355.29,1.0476974106970287,1454.857142857143,14612.1,10318.1,56.1,49.8,,,,,,0.11200000000000002,0.19060722082150125,31386419.2,0.5,49.62590515,6.1588564,348.46999999999997
111,6859.0,2169.2,33.9,17.8,,,,,,0.725,0.35776535731509884,29291315.2,49.6272055,6.158829066666667,355.32,1.2284579669289728,1400.0,20608.11111111111,17962.61111111111,98.22222222222223,104.77777777777777,,,,,,0.11222222222222222,0.19069207112345776,31400391.111111112,0.6,49.62590782407407,6.158861425925926,349.2722222222222
112,7285.6,3241.2,24.8,22.2,,,,,,0.725,0.35776535731509884,29291315.2,49.62720346666667,6.1588249500000005,355.34000000000003,0.2563009765413072,1471.111111111111,10608.35,20022.4,66.9,77.65,,,,,,0.11200000000000002,0.19060722082150125,31386419.2,0.85,49.62590515833334,6.15885605,348.525
113,9227.2,2212.2,33.3,17.0,,,,,,0.725,0.35776535731509884,29291315.2,49.62720136666666,6.158821083333334,355.4,0.03006881254690657,1471.111111111111,8738.833333333334,11091.5,48.388888888888886,51.833333333333336,,,,,,0.11222222222222222,0.19049030981913118,31367168.0,0.8,49.62590217592593,6.158862648148148,348.9
114,5252.0,1005.2,25.4,9.4,,,,,,0.725,0.35776535731509884,29291315.2,49.6271982,6.1588193,355.31,0.03381636738777155,1400.0,4935.25,5081.5,34.25,26.0,,,,,,0.11125,0.19066754192378793,31396352.0,0.8,49.62590483333334,6.158852708333333,350.3
115,7453.6,2371.1111111111113,36.8,16.88888888888889,,,,,,0.725,0.35776535731509884,29291315.2,49.627196,6.15881555,355.41999999999996,0.017088895042737275,1400.0,7452.875,6740.0,40.875,29.875,,,,,,0.1125,0.19057737120387486,31381504.0,0.6,49.62590754166666,6.1588606875,348.5125
116,7031.0,2712.8888888888887,39.6,19.444444444444443,,,,,,0.725,0.35776535731509884,29291315.2,49.62719241666667,6.158813183333334,355.54,0.07880720496177668,1400.0,9939.0625,14683.5625,38.9375,55.9375,,,,,,0.11125,0.19052140317082536,31372288.0,0.65,49.62590914583333,6.158842125,346.75
117,5115.8,1165.142857142857,22.9,11.285714285714286,,,,,,0.725,0.35776535731509884,29291315.2,49.62718876666666,6.158811883333334,355.69,0.10291397571563715,1400.0,11109.2,13314.0,72.6,67.95,,,,,,0.11200000000000002,0.19060722082150125,31386419.2,0.8,49.62590655,6.158854675,348.53000000000003
118,6488.8,2284.5,28.3,16.0,,,,,,0.725,0.35776535731509884,29291315.2,49.62718558333333,6.158810383333334,355.91999999999996,0.06281669437885277,1400.0,11295.555555555555,9046.666666666666,55.22222222222222,52.111111111111114,,,,,,0.1111111111111111,0.19065061332119887,31393564.444444444,0.8,49.625902851851855,6.158854240740741,350.1
119,6740.4,3160.0,37.6,22.0,,,,,,0.725,0.35776535731509884,29291315.2,49.62718256666666,6.158808316666667,355.97,0.10348528623580927,1400.0,4355.25,5994.375,34.875,33.25,,,,,,0.11125,0.19056493386319717,31379456.0,0.6,49.6259075,6.158841625,346.4625
120,5782.8,4575.2,32.8,30.5,,,,,,0.725,0.35776535731509884,29291315.2,49.62717981666667,6.158805283333334,356.01,,,15881.857142857143,13052.714285714286,55.57142857142857,57.42857142857143,,,,,,0.11142857142857143,0.19061468322590785,31387648.0,0.6,49.62591521428572,6.1588546666666675,348.65714285714284
121,,,,,,,,,,,,,,,,,,8524.0,6760.333333333333,29.333333333333332,27.0,,,,,,0.11333333333333333,0.1905898085445525,31383552.0,0.3333333333333333,49.62588827777778,6.158853333333333,348.6333333333334
